<?xml version="1.0" encoding="UTF-8"?>
<project-private xmlns="http://www.netbeans.org/ns/project-private/1">
    <editor-bookmarks xmlns="http://www.netbeans.org/ns/editor-bookmarks/2" lastBookmarkId="0"/>
    <open-files xmlns="http://www.netbeans.org/ns/projectui-open-files/2">
        <group>
            <file>file:/E:/Ijse/PROJECT%20Final%20DrVet/AnimalClinic/src/lk/ijse/animalclinic/view/Login.java</file>
            <file>file:/E:/Ijse/PROJECT%20Final%20DrVet/AnimalClinic/src/lk/ijse/animalclinic/view/HomeFrame.java</file>
            <file>file:/E:/Ijse/PROJECT%20Final%20DrVet/AnimalClinic/src/lk/ijse/animalclinic/view/panels/AddPetTreatmentPanel.java</file>
            <file>file:/E:/Ijse/PROJECT%20Final%20DrVet/AnimalClinic/src/lk/ijse/animalclinic/view/panels/ViewAppointmentPanel.java</file>
            <file>file:/E:/Ijse/PROJECT%20Final%20DrVet/AnimalClinic/src/lk/ijse/animalclinic/view/ViewAvailableVet.java</file>
            <file>file:/E:/Ijse/PROJECT%20Final%20DrVet/AnimalClinic/src/lk/ijse/animalclinic/view/panels/ViewOwnerPanel.java</file>
            <file>file:/E:/Ijse/PROJECT%20Final%20DrVet/AnimalClinic/src/lk/ijse/animalclinic/view/panels/AddAppointmentPanel.java</file>
        </group>
    </open-files>
</project-private>
